{"name":"recommendPortfolio","identifier":"7QEUV2QKBQ","description":null,"parentIntentSignature":null,"sampleUtterances":[{"utterance":"I want to retire."},{"utterance":"I'm {age} and I would like to invest for my retirement"},{"utterance":"I'm {age} and I want to invest for my retirement"},{"utterance":"I want the best option to invest for my retirement"},{"utterance":"I'm worried about my retirement"},{"utterance":"I want to invest for my retirement"},{"utterance":"I would like to invest for my retirement"}],"intentConfirmationSetting":{"isActive":true,"promptSpecification":{"allowInterrupt":true,"messageGroupsList":[{"message":{"imageResponseCard":null,"ssmlMessage":null,"customPayload":null,"plainTextMessage":{"value":"Thanks, now I will look for the best cities to retire in."}},"variations":null}],"maxRetries":4,"messageSelectionStrategy":"Random"},"declinationResponse":{"allowInterrupt":true,"messageGroupsList":[{"message":{"imageResponseCard":null,"ssmlMessage":null,"customPayload":null,"plainTextMessage":{"value":"I will be pleased to assist you in the future."}},"variations":null}]}},"intentClosingSetting":null,"inputContexts":null,"outputContexts":null,"kendraConfiguration":null,"dialogCodeHook":{"enabled":true},"fulfillmentCodeHook":{"fulfillmentUpdatesSpecification":{"active":true,"startResponse":{"delayInSeconds":1,"messageGroups":[{"message":{"imageResponseCard":null,"ssmlMessage":null,"customPayload":null,"plainTextMessage":{"value":"Working on it."}},"variations":null}],"allowInterrupt":true},"updateResponse":{"messageGroups":[{"message":{"imageResponseCard":null,"ssmlMessage":null,"customPayload":null,"plainTextMessage":{"value":"Still processing..."}},"variations":null}],"allowInterrupt":true,"frequencyInSeconds":2},"timeoutInSeconds":900},"postFulfillmentStatusSpecification":{"failureResponse":{"allowInterrupt":true,"messageGroupsList":[{"message":{"imageResponseCard":null,"ssmlMessage":null,"customPayload":null,"plainTextMessage":{"value":"FAILED"}},"variations":null}]},"timeoutResponse":null,"successResponse":{"allowInterrupt":true,"messageGroupsList":[{"message":{"imageResponseCard":null,"ssmlMessage":null,"customPayload":null,"plainTextMessage":{"value":"SUCCESS"}},"variations":null}]}},"enabled":true},"slotPriorities":[{"priority":1,"slotName":"firstName"},{"priority":5,"slotName":"portfolioType"},{"priority":2,"slotName":"age"},{"priority":3,"slotName":"retirementAge"},{"priority":6,"slotName":"totalStockBonds"},{"priority":4,"slotName":"savings"}]}